id,first_name,last_name
1,Michael,B.
2,Shawn,F.
3,Kathleen,R.
4,Jimmy,K.
5,Katherine,A.
6,Sarah,M.
7,Martin,L.
8,Frank,J.
9,Jennifer,S.
10,Judy,T.
11,Alice,V.
12,Gregory,W.
13,Rachel,D.
14,Dennis,E.
15,Diana,H.
16,Norma,C.
17,Edward,O.
18,Andrea,G.
19,Nancy,N.
20,Carl,P.
21,Brenda,B.
22,Larry,F.
23,Jesse,R.
24,Ruth,K.
25,Julia,A.
26,Patrick,M.
27,Bruce,L.
28,Lois,J.
29,Harold,S.
30,Joan,T.
31,Roger,V.
32,Denise,W.
33,Wayne,D.
34,Marie,E.
35,Philip,H.
36,Tina,C.
37,Eugene,O.
38,Sandra,G.
39,Ralph,N.
40,Gloria,P.
41,Louis,B.
42,Theresa,F.
43,Craig,R.
44,Beverly,K.
45,Johnny,A.
46,Cheryl,M.
47,Bobby,L.
48,Megan,J.
49,Randy,S.
50,Amber,T.
51,Michael,V.
52,Shawn,W.
53,Kathleen,D.
54,Jimmy,E.
55,Katherine,H.
56,Sarah,C.
57,Martin,O.
58,Frank,G.
59,Jennifer,N.
60,Judy,P.
61,Alice,B.
62,Gregory,F.
63,Rachel,R.
64,Dennis,K.
65,Diana,A.
66,Norma,M.
67,Edward,L.
68,Andrea,J.
69,Nancy,S.
70,Carl,T.
71,Brenda,V.
72,Larry,W.
73,Jesse,D.
74,Ruth,E.
75,Julia,H.
76,Patrick,C.
77,Bruce,O.
78,Lois,G.
79,Harold,N.
80,Joan,P.
81,Roger,B.
82,Denise,F.
83,Wayne,R.
84,Marie,K.
85,Philip,A.
86,Tina,M.
87,Eugene,L.
88,Sandra,J.
89,Ralph,S.
90,Gloria,T.
91,Louis,V.
92,Theresa,W.
93,Craig,D.
94,Beverly,E.
95,Johnny,H.
96,Cheryl,C.
97,Bobby,O.
98,Megan,G.
99,Randy,N.
100,Amber,P.
